Aodh,
Aed,
Aart,
Aa-ta,
Abb-an,
Abh-lach,
Ach-ai-us,
A-dan,
A-den,
Ad-ham-hnan,
A-die,
A-din,
A-dom-nan,
Ae-dan,
Aed-ann,
Aed-an,
Aed-dan,
Aed-enn,
Ae-din,
Ae-dus,
Ae-dyn,
Ae-neas,
Aen-gus,
Ae-ron,
A-he-arn,
A-hern,
Aid,
Ai-dan,
Ai-dann,
Ai-da-no,
Ai-den,
Ai-denn,
Ai-deyn,
Ai-din,
Ai-dyn,
Ai-lan,
Ail-be,
Ail-bhe,
Ai-lean,
Ai-lill,
Ai-lin,
Ai-lín,
Al,
A-laen,
A-lain,
A-lan,
A-land,
A-lan-do,
A-lane,
A-la-ni,
A-lann,
A-la-no,
A-lan-son,
A-lan-te,
A-lao,
A-lan,
Al-be-on,
Al-bert,
Al-bi-on,
Al-bio-ni,
Al-bon,
Al-by,
Al-b-yon,
Al-da-no,
Al-di-no,
A-len,
A-lin,
Al-lean,
Al-lain,
Al-lan,
Al-layne,
Al-len,
Al-ley,
Al-leyn,
Al-leyne,
Al-lie,
Al-lin,
Al-lon,
Al-lyn,
A-lon,
A-lun,
A-lu-ne,
A-lyn,
A-lyne,
A-lynn,
A-nei-rin,
A-nei-slis,
A-nei-slys,
A-neu-rin,
An-gie,
An-gus,
An-tha-na-sios,
Ao-dan,
Ao-dan,
Ao-den,
Ao-dh,
Ao-dha-gan,
Ao-dha-gan,
Ao-dha-igh,
Ao-dhan,
Ao-dhan,
Ao-dh-fin,
Ao-dh-fionn,
Ao-gan,
Aon-ghas,
Aon-ghus,
A-ra-na,
A-re,
Ar-gile,
Ar-giles,
Ar-gyle,
Ar-gyles,
Ar-gyll,
Ar-mel,
Ar-rt,
Art,
Ar-tair,
Ar-tan,
Ar-te,
Ar-tek,
Ar-th,
Ar-thel,
Ar-ther,
Ar-thor,
Ar-thos,
Ar-thur,
Ar-thur-o,
Ar-thus,
Ar-thyr,
Ar-tie,
Ar-tis,
Ar-to,
Ar-tor,
Ar-tro,
Ar-ttu-ri,
Ar-tur,
Ar-tu-ras,
Ar-tu-ro,
Ar-tus,
Ar-ty,
Ar-zhur,
At-hal,
At-hel,
At-hil,
At-hol,
At-holl,
At-hol-ton,
At-ze,
Aur-th-er,
Aur-thur,
A-van,
A-ven,
A-vin,
A-von,
A-vun,
A-vyn,
Ay-dan,
Ay-dann,
Ay-den,
Ay-denn,
Ay-din,
A-dha-mhna-n,
Ba-erd,
Bae-rde,
Bae-rn,
Bai-rne,
Bai-rre,
Bal-fer,
Bal-fore,
Bal-four,
Ball-fer,
Ball-for,
Ball-fore,
Ball-four,
Ban-bhan,
Ban-noc,
Ban-noch,
Ban-nock,
Ban-nok,
Bao-thgha-lach,
Bar,
Ba-rd,
Bar-de,
Ba-ree,
Ba-rey,
Ba-ri,
Ba-rie,
Ba-ris,
B-arr,
Bar-ra,
Bar-rea,
Bar-ree,
Bar-rey,
Bar-ri,
Bar-rie,
Bar-ring-ten,
Bar-ring-ton,
Bar-ring-tun,
Bar-ry,
Bar-ryng-ten,
Bar-ryng-ton,
Bar-ryng-tun,
Ba-ry,
Bas,
Ba-yerd,
Bay-rde,
Bay-rn,
Bay-rne,
Baz,
Baz-za,
Bea-can,
Bea-n,
Bea-than,
Be-hel-lagh,
Bel,
Be-le-nus,
Be-li,
Beo-lagh,
Be-ra-co,
Ber-ry,
Bi-le,
Bog-dan,
Boh-dan,
Bow,
Bo-wan,
Bo-we,
Bo-wen,
Bo-wie,
Bo-win,
Bo-won,
Bo-wun,
Bo-wyn,
Brad,
Bra-dan,
Brad-dan,
Brad-den,
Brad-din,
Brad-don,
Brad-dyn,
Bra-de,
Bra-dea,
Bra-dee,
Bra-den,
Bra-dene,
Bra-deon,
Bra-dey,
Bra-di,
Bra-die,
Bra-din,
Bra-dm,
Bra-don,
Bra-dun,
Bra-dy,
Bra-dye,
Bra-dyn,
Brae-dan,
Brae-dea,
Brae-dee,
Brae-den,
Brae-dey,
Brae-di,
Brae-die,
Brae-din,
Brae-don,
Brae-dy,
Brae-dyn,
Brai-dan,
Brai-dea,
Brai-dee,
Brai-den,
Brai-dey,
Brai-di,
Brai-die,
Brai-din,
Brai-don,
Brai-dy,
Brai-dyn,
Brain,
Bran-den,
Bran-don,
Bran-non,
Bra-non,
Brao-nan,
Bray,
Bray-dan,
Bray-dae,
Bray-dee,
Bray-den,
Bray-dey,
Bray-di,
Bray-die,
Bray-din,
Bray-don,
Bray-dun,
Bray-dy,
Bray-dyn,
Bray-len,
Brean-dan,
Brean-dan,
Bre-dan,
Bre-don,
Bren,
Bren-dan,
Bren-da-no,
Bren-den,
Bren-din,
Bren-dis,
Bren-don,
Bren-dun,
Bren-dyn,
Bre-nen,
Bre-nin,
Brenn,
Bren-nan,
Brenn-dan,
Bren-nen,
Bren-ner,
Bren-nin,
Bren-non,
Bren-nun,
Bren-ny,
Bren-nyn,
Bren-on,
Bren-un,
Bre-ny,
Bre-nyn,
Bre-on,
Bri,
Bri-an,
Bri-ana,
Bri-ann,
Bri-ann-a,
Bri-anne,
Bri-a-no,
Bri-ant,
Bri-an-te,
Bri-ar-tach,
Bric-cio,
Bri-cio,
Bri-en,
Bri-enn,
Brin,
Bri-ny,
Bri-on,
Bro,
Brod-dy,
Bro-de,
Bro-dea,
Bro-dee,
Bro-den,
Bro-dey,
Bro-di,
Bro-die,
Bro-dy,
Bro-in,
Bro-ine,
Bro-yn,
Bro-yne,
Bry,
Bry-an,
Bry-ant,
Bry-den,
Bry-don,
Brye,
Bry-en,
Bry-ent,
Bryn,
Bry-on,
Ca-ce,
Ca-cee,
Ca-cey,
Ca-ci,
Ca-cie,
Ca-cy,
Ca-dan,
Ca-dan,
Cad-don,
Ca-den,
Ca-di-an,
Ca-di-en,
Ca-din,
Ca-don,
Ca-dyn,
Cae-den,
Cae-don,
Cae-llom,
Cae-llum,
Caen,
Ca-hal,
Ca-han,
Ca-hane,
Ca-hir,
Cai-cee,
Cai-cey,
Cai-ci,
Cai-cie,
Cai-cy,
Cai-den,
Cai-llom,
Cai-llum,
Cain,
Cai-nnech,
Cai-see,
Cai-sey,
Cai-si,
Cai-si-de,
Cai-sie,
Cai-sy,
Cal,
Ca-la-han,
Cal-brai-th,
Cal-lum,
Ca-lum,
Cam,
Ca-mae-ron,
Ca-ma-ron,
Cam-bel,
Cam-bell,
Cam-beul,
Cam-beu-ll,
Ca-me-a,
Ca-mee,
Ca-me-ran,
Ca-me-ren,
Ca-me-rin,
Ca-me-ro,
Ca-me-ron,
Ca-me-roon,
Ca-me-roun,
Ca-mer-ron,
Ca-mer-son,
Ca-mer-son,
Ca-me-run,
Ca-me-ryn,
Ca-mey,
Ca-mi,
Ca-mie,
Ca-mi-ron,
Cam-me-ron,
Cam-mi,
Cam-mie,
Cam-my,
Camp,
Camp-bel,
Camp-bell,
Camp-beul,
Camp-beull,
Cam-pe,
Cam-py,
Cam-ran,
Cam-re-a,
Cam-ree,
Cam-ren,
Cam-rey,
Cam-ri,
Cam-rie,
Cam-rin,
Cam-ron,
Cam-run,
Cam-ry,
Cam-ryn,
Ca-my,
Ca-nal,
Cant,
Ca-oi-lte,
Caoi-mh-ghí-n,
Ca-oi-mhi-n,
Cao-lan,
Car-dew,
Car-doo,
Car-dou,
Car-du,
Car-gan,
Car-gen,
Car-gin,
Car-gon,
Car-gun,
Car-gyn,
Ca-ric,
Ca-rick,
Ca-rik,
Car-ney,
Car-ran,
Car-ric,
Car-rick,
Car-rig,
Car-rik,
Car-roll,
Carr-son,
Car-ryc,
Car-ryck,
Car-ryk,
Cars,
Car-san,
Car-sen,
Car-sin,
Car-son,
Car-sun,
Car-syn,
Ca-ryc,
Ca-ryck,
Ca-ryk,
Case,
Ca-see,
Ca-sen,
Ca-sey,
Ca-si,
Ca-si-dy,
Ca-sie,
Ca-son,
Cass,
Cas-sa-dee,
Cas-sa-dey,
Cas-sa-di,
Cas-sa-die,
Cas-sa-dy,
Cas-se-dee,
Cas-se-dey,
Cas-se-di,
Cas-se-die,
Cas-se-dy,
Cas-see,
Cas-sey,
Cas-si,
Cas-si-dee,
Cas-si-dey,
Cas-si-di,
Cas-si-die,
Cas-si-dy,
Cas-sie,
Ca-sy,
Ca-sye,
Ca-tald,
Ca-thal,
Ca-thal-dus,
Ca-than,
Ca-tha-oir,
Ca-thar-naigh,
Ca-than,
Ca-thel,
Ca-theld,
Ca-thil,
Ca-thol,
Ca-thul,
Ca-thyl,
Ca-van,
Cay-ce,
Cay-cee,
Cay-cey,
Cay-ci,
Cay-cie,
Cay-cy,
Cay-den,
Cay-llom,
Cay-llum,
Cay-se,
Cay-see,
Cay-sey,
Cay-si,
Cay-sie,
Cay-sy,
Caz-zi,
Caz-zie,
Caz-zy,
Cea-llach,
Cear-bhall,
Cear-bhall-an,
Cear-naigh,
Cear-ney,
Cea-rú-il,
Cea-rúl,
Cea-rúll,
Cein,
Cei-nan,
Cen-yon,
Ce-vin,
Céin,
Chan-non,
Ci-an,
Cia-nan,
Cia-nan,
Cia-non,
Ci-ar,
Cia-ran,
Cia-ran,
Cie-ran,
Cil-li-an,
Cil-lin,
Cil-lín,
Ci-na-ed,
Cin-nei-did,
Cin-nei-digh,
Cio-nao-dh,
Clan-ce,
Clan-cea,
Clan-cee,
Clan-cey,
Clan-ci,
Clan-cie,
Clan-cy,
Cla-ney,
Clan-sea,
Clan-see,
Clan-sey,
Clan-si,
Clan-sie,
Clan-sy,
Clea-rea,
Clea-ree,
Clea-rey,
Clea-ri,
Clea-rie,
Clea-ry,
Cle-land,
Clel-land,
Clune,
Coa-dy,
Coa-le,
Co-daye,
Cod-dy,
Co-dea,
Co-deah,
Co-dee,
Co-dell,
Co-dey,
Co-di,
Co-die,
Co-dier,
Co-dy,
Co-dyr,
Coi,
Coi-nnea-ch,
Co-lo-man,
Co-mhgh-all,
Con,
Con-al,
Con-all,
Co-nan,
Co-nant,
Con-ar,
Con-a-ry,
Con-ch-an,
Con-cho-bar,
Con-cho-bhar,
Con-co-bhar,
Con-del,
Co-nel,
Co-nell,
Co-nen,
Co-ner,
Con-gal,
Co-nir,
Con-leth,
Con-lethe,
Conn,
Con-na-ghyn,
Con-nal,
Con-nall,
Con-nan,
Con-nar,
Con-nell,
Con-nen,
Con-ner,
Con-nie,
Con-nir,
Con-nol-ly,
Con-non,
Con-nor,
Con-nors,
Con-nur,
Con-nyr,
Co-non,
Co-nor,
Co-nur,
Co-nyr,
Co-ren-tin,
Cork,
Cor-ke,
Cor-kea,
Cor-kee,
Cor-key,
Cor-ki,
Cor-kie,
Cor-ky,
Cor-mac,
Cor-mack,
Cor-mag,
Cor-mic,
Cor-mick,
Cor-ri-dan,
Cor-ri-den,
Cor-ri-din,
Cor-ri-don,
Cor-ri-dun,
Cor-ri-dyn,
Co-ty,
Co-wal,
Co-wall,
Co-wie,
Coy,
Coye,
Coyt,
Crae-g,
Crae-ge,
Crae-ton,
Crae-tun,
Cra-g,
Cra-ge,
Crai,
Crai-g,
Crai-ge,
Crai-gen,
Crai-gery,
Crai-gg,
Crai-gh,
Craigh-ton,
Crai-gon,
Crai-ton,
Crai-tun,
Cray,
Craye,
Cray-g,
Cray-ge,
Cray-ton,
Cray-tun,
Crea-g,
Crea-ge,
Creg,
Cre-gan,
Cre-gg,
Crei-g,
Crei-gh,
Creigh-t,
Creigh-ton,
Creigh-town,
Creigh-tun,
Cria-g,
Crich-ton,
Crich-tun,
Cuinn,
Cul-lan,
Cul-len,
Cu-lum,
Cur-ragh,
Cy-an,
Cy-le,
Da-clan,
Dae,
Dai,
Daie,
Dai-ly,
Dai-re,
Da-lach,
Da-ley,
Da-ly,
Dal-zell,
Dal-ziel,
Da-mhan,
Dan-zel,
Da-ra,
Da-rach,
Da-ragh,
Da-rah,
Dar-ragh,
Da-vin,
Da-way-ne,
Daw-ley,
Daye,
Dai-re,
Dea-glan,
Dea-sun,
Dea-sún,
Dea-vin,
Dea-von,
Dea-vun,
Dea-vyn,
Dec,
Dec-lan,
Dec-lyn,
De-heu-ne,
Dek,
Dek-lan,
Dek-len,
De-mond,
Den,
Denz,
Den-zel,
Den-zell,
Den-zelle,
Den-zi-al,
Den-zi-el,
Den-zil,
Den-zill,
Den-zille,
Den-zyl,
Den-zyll,
Den-zylle,
Der,
Derm,
Der-mid,
Der-mit,
Der-mitt,
Der-mod,
Der-mont,
Der-mot,
Der-mott,
Der-mud,
Der-mut,
Der-mutt,
Der-ry,
Des,
Des-i,
Des-mand,
Des-mea,
Des-mee,
Des-mey,
Des-mi,
Des-mie,
Des-mon,
Des-mond,
Des-monde,
Des-mun,
Des-mund,
Des-munde,
Des-my,
Des-y,
Deu-ne,
Dev,
De-van,
De-van-te,
De-vaughn,
De-ven,
De-venn,
De-ve-on,
De-vin,
De-vinn,
De-vi-on,
Dev-lin,
De-von,
De-vone,
De-voni,
De-vo-nio,
De-vonn,
De-vonne,
De-von-ta,
De-von-tae,
De-von-te,
De-vren,
De-vrin,
De-vron,
De-vryn,
De-vun,
De-vunn,
Dev-von,
De-vy,
De-vyn,
De-vynn,
De-wain,
De-wayne,
De-won,
De-zi,
Dez-mea,
Dez-mee,
Dez-mey,
Dez-mi,
Dez-mie,
Dez-mon,
Dez-mond,
Dez-monde,
Dez-mun,
Dez-mund,
Dez-munde,
Dez-my,
Dez-zi,
Diar-mad,
Diar-maid,
Diar-mait,
Diar-mid,
Diar-mit,
Diar-muid,
Diar-muit,
Di-von,
Di-won,
Doi-l,
Doi-le,
Dol-aidh,
Do-lan,
Do-lans,
Dole,
Do-len,
Do-lens,
Do-lenz,
Do-lin,
Dol-lan,
Dol-ly,
Do-lon,
Do-lun,
Do-lyn,
Dom-hnall,
Dom-nall,
Don,
Do-nagh,
Do-na-ghan,
Do-nai-dh,
Do-nal,
Do-nald,
Do-nal-do,
Don-a-lee,
Don-al-ly,
Don-alt,
Do-nar-do,
Don-augh,
Don-a-van,
Don-a-ven,
Don-a-vin,
Don-a-von,
Don-a-vyn,
Do-nat,
Don-can,
Do-ne-gan,
Do-nel,
Do-neld,
Do-nel-li,
Do-nel-ly,
Do-nel-son,
Do-ne-ly,
Do-ne-van,
Do-ne-ven,
Do-ne-vin,
Do-ne-von,
Do-ne-vyn,
Do-nild,
Do-ni-van,
Don-lee,
Don-ley,
Donn,
Don-naidh,
Don-nall,
Don-nan,
Don-ncha-dh,
Don-ndub-an,
Don-ne,
Don-nea,
Don-nee,
Don-nel,
Don-nell,
Don-nel-ly,
Don-nen,
Don-ney,
Don-ngh-al,
Don-ni,
Don-nie,
Don-nin,
Don-ni-vin,
Don-non,
Don-no-van,
Don-nun,
Don-ny,
Don-nyn,
Do-nogh,
Do-nold,
Do-nough,
Don-o-van,
Don-o-ven,
Don-o-vin,
Don-o-von,
Don-o-vyn,
Do-nuld,
Don-van,
Don-y,
Don-ya,
Don-yld,
Doo-gal,
Doo-ni-can,
Do-ran,
Do-ren,
Do-rin,
Do-ron,
Dor-ran,
Dor-rance,
Dor-rel,
Dor-rell,
Dor-ren,
Dor-rence,
Dor-rin,
Dor-ryn,
Dos-ne,
Dos-ne-a,
Dos-nee,
Dos-ney,
Dos-ni,
Dos-nie,
Dos-ny,
Doug,
Dou-gal,
Dou-gald,
Dou-gall,
Dou-ghal,
Dou-ghald,
Dou-ghall,
Dou-gie,
Do-well,
Dowl,
Dowle,
Down,
Doy,
Do-yal,
Doye,
Do-yel,
Do-yelle,
Doyl,
Doyle,
Dra-ven,
Drewce,
Drews,
Drew-san,
Drew-sen,
Drew-sin,
Drew-son,
Drew-sun,
Drew-syn,
Druce,
Drue-ce,
Dru-san,
Druse,
Dru-sen,
Dru-sin,
Dru-son,
Dru-sun,
Dru-syn,
Dry-stan,
Dryw-san,
Dryw-sen,
Dryw-sin,
Dryw-son,
Dryw-sun,
Dryw-syn,
Du-ain,
Du-aine,
Du-ald,
Du-ana,
Du-ane,
Du-ante,
Du-ayne,
Dub-hal-tach,
Du-bhan,
Dubh-da-ra,
Dubh-ghall,
Dubh-thach,
Duf,
Duff,
Duf-fe,
Duf-fea,
Duf-fee,
Duf-fey,
Duf-fi,
Duf-fie,
Duf-fy,
Dug,
Du-gal,
Du-gald,
Du-gall,
Dug-gie,
Dug-gy,
Du-ghall,
Duke,
Dun,
Du-nam,
Du-na-van,
Dun-bar,
Dun-ba-ran,
Dun-ba-ren,
Dun-ba-rin,
Dun-ba-ron,
Dun-barr,
Dun-ba-run,
Dun-ba-ryn,
Dunc,
Dun-can,
Dunck,
Dunc-kan,
Dune,
Dun-gan,
Dun-ham,
Du-ni-can,
Dunk,
Dun-kan,
Dun-kie,
Dun-kin,
Dun-ky,
Dunn,
Dun-ne,
Dur-yea,
Du-wain,
Du-waine,
Du-wayne,
Dù-ghall,
Dwai-n,
Dwai-ne,
Dwa-ne,
Dway-ne,
Dwire,
Dwy-er,
Ea-chann,
Each-thigh-earna,
Eal-lair,
E-dan,
E-gan,
E-gon,
Ei-dhin,
Ei-rea-mhon,
El-bi-o,
E-ni,
E-nis,
En-ni,
En-nis,
En-niss,
En-nys,
En-nyss,
E-nys,
Eo-chai-dh,
Eo-ghan,
Er,
E-ran,
E-rea,
E-ree,
E-ren,
E-rey,
E-ri,
E-rie,
E-ri-enne,
E-ri-gal,
E-ri-gel,
E-ri-gil,
E-ri-gol,
E-ri-gul,
E-ri-gyl,
E-rin,
E-rine,
E-rinn,
E-rinne,
E-rin-o,
Er-nan,
E-ron,
Er-ri-gal,
Er-ri-gel,
Er-ri-gil,
Er-ri-gol,
Er-ri-gul,
Er-ri-gyl,
Er-rin,
Er-ron,
Er-ryn,
Er-sin,
Er-sk,
Er-skein,
Er-skeine,
Er-skien,
Er-skiene,
Er-skin,
Er-skine,
Er-skyn,
Er-skyne,
Erv,
Er-vin,
Er-vine,
Er-win,
E-ry,
E-ryn,
E-ryne,
E-rynn,
E-rynne,
Es-mond,
Es-ras,
Eu-an,
Eu-en,
Eu-nan,
E-van,
E-wan,
E-wen,
E-wing,
Éi-mhín,
Fa-chtna,
Fae-gan,
Fa-gan,
Fa-gen,
Faggan,
Fagin,
Fagon,
Fagun,
Fagyn,
Faigan,
Faigen,
Faigin,
Fal,
Fal-lam-hain,
Fal-lan,
Fal-len,
Fal-lin,
Fal-lon,
Fal-lun,
Fal-lyn,
Fao-lan,
Fao-lan,
Fark,
Farq,
Far-quar,
Far-quar-son,
Far-qu-har,
Far-qu-har-son,
Faul-ton,
Fay-gan,
Fae-lan,
Fea-gan,
Fea-rad-hach,
Fear-ch-ar,
Fear-dor-cha,
Fear-ga-nainm,
Fear-ghal,
Fear-ghas,
Fear-ghus,
Fear-gus,
Fe-gan,
Feg-gan,
Fei-dhlim,
Fe-lan,
Fe-lim,
Fel-lim,
Fer-di-a,
Fer-di-ad,
Fer-gal,
Fer-gea,
Fer-gee,
Fer-ghus,
Fer-gi,
Fer-gie,
Fer-gus,
Fer-gu-son,
Fer-gus-son,
Fer-gy,
Fews,
Fia-chra,
Fia-chre,
Fia-cra,
Fia-cre,
Fil-lin,
Fin,
Fi-nan,
Fin-bar,
Fin-barr,
Find-lay,
Find-lea,
Find-lee,
Find-ley,
Find-li,
Find-lie,
Find-ly,
Fin-e-gan,
Fin-e-gen,
Fin-gal,
Fin-gall,
Fin-i-an,
Fin-i-gan,
Fin-lay,
Fin-lea,
Fin-lee,
Finleigh,
Finley,
Finli,
Finlie,
Finly,
Finn,
Finn-bar,
Finn-barr,
Fin-ne-en,
Fin-ne-gan,
Fin-ne-gen,
Fin-nen,
Fin-nén,
Fin-ni-an,
Fin-nie,
Fin-ni-gan,
Fin-nin,
Finn-lea,
Finn-lee,
Finn-ley,
Finn-li,
Finn-lie,
Finn-ly,
Fin-no-bar,
Fin-no-barr,
Fi-no-bar,
Fi-no-barr,
Fin-tan,
Fin-ton,
Fi-o-nan,
Fi-on-bharr,
Fi-onn,
Fi-onn-bar,
Fi-onn-barr,
Fi-onn-bar-ra,
Fi-onn-bharr,
Fi-onn-ghall,
Fi-onn-la,
Fi-onn-lagh,
Fi-onn-tan,
Fi-onn-tan,
Flann-chad,
Flin,
Flo-id,
Flo-ide,
Floy-d,
Floy-de,
Flue-llen,
Fol-ton,
For-syth,
For-sythe,
Fó-gar-ta,
Fu-gel-tan,
Fu-gel-ten,
Fu-gel-tin,
Fu-gel-ton,
Fu-gel-tun,
Fu-gel-tyn,
Ful-a-tan,
Ful-a-ten,
Ful-a-tin,
Ful-a-ton,
Ful-a-tun,
Ful-a-tyn,
Full,
Full-ton,
Ful-tan,
Ful-ten,
Ful-tin,
Ful-ton,
Ful-tun,
Ful-tyn,
Fur-gus,
Fur-gu-son,
Fur-sea,
Fur-see,
Fur-sey,
Fur-si,
Fur-sie,
Fur-sy,
Fya-chra,
Fya-chre,
Fya-cra,
Fya-cre,
Fyn-bar,
Fyn-barr,
Fyn-lay,
Fynn-bar,
Fynn-barr,
Gael,
Gaele,
Gaell,
Gael-le,
Gaël,
Gall,
Gal-la-gher,
Gal-lchob-har,
Gall-man,
Gall-mann,
Gal-lo,
Gal-lo-way,
Gal-lo-waye,
Gall-way,
Gal-man,
Gal-mann,
Ga-lo,
Ga-lo-way,
Ga-lo-waye,
Gal-way,
Gel-li-on,
Geor-dan,
Gi-khrist,
Gil-anders,
Gil-christ,
Gil-crist,
Gil-de-roy,
Gild-ray,
Gild-roy,
Gi-le-an,
Gi-li-an,
Gil-khrist,
Gil-krist,
Gil-lan,
Gil-lan-ders,
Gil-las-pea,
Gil-las-pee,
Gil-las-pey,
Gil-las-pi,
Gil-las-pie,
Gil-las-py,
Gill-christ,
Gil-le-an,
Gil-len,
Gil-le-on,
Gil-le-o-nan,
Gil-les-pea,
Gil-les-pee,
Gil-les-pey,
Gil-les-pi,
Gil-les-pie,
Gil-les-py,
Gil-li-an,
Gil-li-gan,
Gil-li-on,
Gil-lis,
Gill-mor,
Gill-more,
Gill-mour,
Gil-lon,
Gill-ray,
Gill-roy,
Gil-ly-an,
Gil-mer,
Gil-moor,
Gil-moore,
Gil-mor,
Gil-more,
Gil-mour,
Gil-ray,
Gil-roy,
Glan-cy,
Glen,
Glenn,
Glyn,
Glynn,
Gní-o-mh,
Go-ban,
Gord,
Gor-dain,
Gor-dan,
Gor-dea,
Gor-dee,
Gor-den,
Gor-dey,
Gor-di,
Gor-die,
Gor-din,
Gor-di-on,
Gor-di-us,
Gor-do,
Gor-don,
Gor-dun,
Gor-dy,
Gor-dyn,
Gor-ton,
Gra-da,
Gra-dan,
Gra-dea,
Gra-dee,
Gra-den,
Gra-dey,
Gra-di,
Gra-die,
Gra-din,
Gra-don,
Gra-dun,
Gra-dy,
Gra-dyn,
Grae-dea,
Grae-dee,
Grae-dey,
Grae-di,
Grae-die,
Grae-dy,
Grai-dea,
Grai-dee,
Grai-dey,
Grai-di,
Grai-die,
Grai-dy,
Graig,
Gray-dea,
Gray-dee,
Gray-dey,
Gray-di,
Gray-die,
Gray-dy,
Gus,
Gus-sie,
Gwe-naël,
Gwen-dal,
Gwrea,
Gwree,
Gwrey,
Gwri,
Gwrie,
Gwry,
Gy-lan-ders,
Gyl-christ,
Gyl-lan-ders,
Gyll-christ,
Gyl-le-an,
Gyl-li-an,
Gyl-mor,
Harv,
Har-vae,
Har-ve,
Har-vea,
Har-vee,
Har-vey,
Har-vi,
Har-vie,
Har-vy,
He-re-mon,
Her-ve,
Her-vea,
Her-vee,
Her-vey,
Her-vé,
Her-vi,
Her-vie,
Her-vy,
Hew-nea,
Hew-nee,
Hew-ney,
Hew-ni,
Hew-nie,
Hew-ny,
Hines,
Hynes,
I-a-gan,
In-nes,
In-var,
In-ver,
In-vir,
In-vor,
In-vur,
In-vyr,
Irv,
Ir-ven,
Ir-vene,
Ir-vin,
Ir-vine,
Ir-ving,
Ir-ving-ton,
Ir-vy,
Ir-vyn,
Ir-vyne,
Ir-win,
Ir-wyn,
Ka-ce,
Ka-cey,
Ka-ci,
Ka-cy,
Ka-den,
Ka-din,
Ka-dyn,
Kae-den,
Kae-gan,
Kae-lan,
Kae-len,
Kae-lin,
Kaen,
Kae-nan,
Kaene,
Ka-gan,
Ka-gen,
Ka-han,
Ka-hane,
Kai-den,
Kailen,
Kain,
Kaine,
Kai-ven,
Ka-len,
Ka-lin,
Kal-len,
Kal-lum,
Ka-lum,
Ka-lyn,
Kam,
Ka-ma-ron,
Ka-me-ron,
Kamp-bell,
Kam-ron,
Kane,
Ka-ney,
Ka-nin,
Kar-nea,
Kar-nee,
Kar-ney,
Kar-ni,
Kar-nie,
Kar-ny,
Kar-rick,
Kar-sen,
Kar-son,
Kar-syn,
Kase,
Ka-sen,
Ka-sey,
Ka-son,
Kass,
Kas-sa-dy,
Kas-si-dy,
Kasy,
Ka-thal,
Ka-thel,
Ka-thol,
Ka-van,
Kay-den,
Kay-lan,
Kay-len,
Kay-lin,
Kay-lon,
Kayn,
Kayne,
Kea-gan,
Kea-gen,
Kea-ghan,
Kea-lan,
Kea-land,
Kea-len,
Kea-lin,
Keal-lan,
Keal-ley,
Keal-lie,
Keal-lin,
Keal-ly,
Kealyn,
Kean,
Ke-a-nan,
Ke-an-dre,
Ke-a-ne,
Ke-a-nen,
Ke-a-non,
Ke-a-nu,
Ke-ar,
Kea-ran,
Kea-re,
Kea-ren,
Kea-rer,
Kea-rn,
Kear-nan,
Kear-ne,
Kear-nea,
Kear-nee,
Kear-ney,
Kear-ni,
Kear-nie,
Kear-ny,
Kea-ron,
Keath,
Keathe,
Kea-then,
Kea-ven,
Kee-gan,
Kee-gen,
Kee-ghan,
Kee-lan,
Kee-land,
Kee-len,
Kee-lin,
Keel-lan,
Keel-lin,
Kee-lyn,
Keen,
Kee-na,
Kee-nan,
Keene,
Kee-nen,
Keen-nan,
Kee-non,
Keer,
Kee-ran,
Keere,
Kee-ren,
Keer-nan,
Kee-ron,
Keeth,
Kee-than,
Kee-von,
Ke-gan,
Kei-gan,
Kei-lan,
Kei-land,
Kei-lee,
Kei-leigh,
Kei-ley,
Kei-li,
Keil-lan,
Keil-ley,
Keil-ly,
Kei-ly,
Keir,
Kei-ran,
Keire,
Kei-rer,
Kei-ron,
Keith,
Keithe,
Kei-then,
Kei-van,
Ke-lan,
Kel-den,
Kele,
Ke-len,
Ke-lin,
Kel-lan,
Kel-le,
Kel-lee,
Kel-len,
Kel-ley,
Kel-li,
Kel-lie,
Kel-lin,
Kel-lon,
Kel-lun,
Kel-ly,
Kel-lyn,
Ke-lon,
Ke-ly,
Ke-lyn,
Ken,
Ke-na-dea,
Ke-na-dee,
Ke-na-dey,
Ke-na-di,
Ke-na-die,
Ke-na-dy,
Ke-nan,
Ken-dric,
Ken-drich,
Ken-drick,
Ken-dricks,
Ken-driek,
Ken-drik,
Ken-drix,
Ken-dryc,
Ken-dryck,
Ken-dryek,
Ken-dryk,
Ke-ne-di,
Ke-ne-dy,
Ke-ne-ke,
Ke-ne-rick,
Ke-net,
Ke-neth,
Ke-ni-dy,
Ke-nith,
Ken-ley,
Kenn,
Ken-na-dee,
Ken-na-dey,
Ken-na-di,
Ken-na-die,
Ken-na-dy,
Ken-nan,
Ken-nath,
Ken-neal-ly,
Ken-ne-dea,
Ken-ne-dee,
Ken-ne-dey,
Ken-ne-di,
Ken-ne-die,
Ken-ne-dy,
Ken-neith,
Ken-net,
Ken-neth,
Ken-nett,
Ken-ney,
Ken-nit,
Ken-nith,
Ken-nitt,
Ken-non,
Kennt,
Kennth,
Ken-ny,
Ken-nyth,
Ken-ric,
Ken-rich,
Ken-rick,
Ken-ricks,
Ken-riek,
Ken-rik,
Ken-ryk,
Kent,
Ken-ti-gem,
Ken-ti-gim,
Ken-trell,
Kentt,
Ken-ty-gem,
Ken-ty-gim,
Ken-ya,
Ke-nyth,
Ker-er,
Ke-re-ti,
Kerm,
Ker-mat,
Ker-me,
Ker-mee,
Ker-met,
Ker-mey,
Ker-mi,
Ker-mie,
Ker-mit,
Ker-mitt,
Ker-mot,
Ker-mut,
Ker-my,
Ker-myt,
Kern,
Ker-na-ghan,
Ker-na-han,
Ker-nan,
Ker-ne,
Ker-ney,
Ker-no-ghan,
Ker-no-han,
Ker-rick,
Ker-rik,
Ke-sha,
Kes-lie,
Kev,
Ke-van,
Keve,
Ke-veen,
Ke-ven,
Ke-ve-on,
Ke-ver-ne,
Ke-vi-an,
Ke-vi-en,
Ke-vin,
Ke-vinn,
Ke-vins,
Ke-vi-on,
Ke-vis,
Ke-vn,
Ke-von,
Ke-vonne,
Kev-ran,
Kev-ren,
Kev-rin,
Kev-ron,
Kev-run,
Kev-ryn,
Kev-vy,
Ke-vyn,
Ke-wan,
Key-lee,
Key-leigh,
Key-li,
Key-ly,
Key-nan,
Keyne,
Keyth,
Keythe,
Key-then,
Key-van,
Key-von,
Ké-vin,
Ki-an,
Ki-an-na,
Ki-a-ran,
Kie-gan,
Kiel,
Kie-nan,
Kie-nen,
Kie-non,
Kier,
Kie-ran,
Kie-ren,
Kie-rin,
Kier-nan,
Kie-ron,
Ki-er-ren,
Ki-er-rin,
Ki-er-ron,
Kieth,
Kiethe,
Ki-ka,
Ki-lan,
Kile,
Ki-lee,
Ki-leigh,
Ki-len,
Ki-ler,
Ki-ley,
Ki-li,
Ki-li-an,
Ki-lie,
Kill,
Kil-li-an,
Kil-lie,
Kil-ly,
Ki-ly,
Ki-nel,
Ki-nell,
Kin-ley,
Kin-nel,
Kin-nell,
Kin-ny,
Ki-von,
Kiy-le,
Ko-dee,
Ko-dey,
Ko-di,
Ko-die,
Ko-dy,
Koh-de,
Kol-man,
Ko-lo-man,
Ko-na,
Ko-nan,
Kon-ner,
Kon-nor,
Ko-ty,
Kraig,
Kreig,
Kuns-gnos,
Ky,
Ky-an,
Kye,
Ky-el,
Ky-lan,
Ky-lar,
Ky-le,
Ky-lee,
Ky-leigh,
Ky-le-mor,
Ky-le-more,
Ky-len,
Ky-ler,
Ky-ley,
Ky-li,
Ky-li-an,
Ky-lie,
Kyll,
Kylle,
Kyl-mor,
Kyl-more,
Ky-ly,
Ky-nel,
Ky-nell,
Kyn-nel,
Kyn-nell,
Ky-ran,
Ky-rell,
Ky-rone,
Ky-ven,
Lai-ghean,
Lao-ghai-re,
Lao-id-hea-ch,
La-sai-ri-o-na,
Las-sa-ri-na,
Le-an-nan,
Lea-ry,
Lee,
Len-nan,
Len-non,
Le-o-lin,
Le-o-line,
Les,
Les-lea,
Les-lee,
Les-lei,
Les-leigh,
Les-ley,
Les-li,
Les-lie,
Les-ly,
Le-wel-len,
Le-wel-lyn,
Le-wis,
Lez,
Lez-lea,
Lez-lee,
Lez-leigh,
Lez-ley,
Lez-li,
Lez-lie,
Lez-ly,
Linch,
Li-o-slaith,
Lle-lo,
Llew,
Llewe,
Lle-we-lin,
Lle-wel-len,
Lle-wel-leyn,
Lle-wel-lin,
Lle-wel-lyn,
Lle-wel-yn,
Lloyd,
Ll-we-wel-lin,
Ll-wyd,
Lly-wei-lun,
Lly-wel-lyn,
Lly-wel-lynn,
Lly-we-lyn,
Lo-a-gan,
Lo-a-gen,
Lo-a-gon,
Loe,
Lo-gan,
Lo-gann,
Lo-gen,
Lo-genn,
Log-gan,
Lo-ghan,
Lo-gin,
Lo-ginn,
Lo-gn,
Lo-gon,
Lo-gun,
Lo-gunn,
Lo-gyn,
Lo-gynn,
Lo-ing-sea-ch,
Lo-nan,
Lorc,
Lor-can,
Lor-can,
Lor-cen,
Lor-cin,
Lor-con,
Lor-cun,
Lor-cyn,
Lor-kan,
Lor-ken,
Lor-kin,
Lor-kon,
Lor-kun,
Lor-kyn,
Loy,
Loyd,
Loyde,
Lyn,
Lynch,
Lynn,
Mac,
Mael,
Mael-mae-doc,
Mae-ran,
Mae-ren,
Mae-rin,
Mae-ron,
Mae-run,
Mae-ryn,
Maël,
Ma-in-nín,
Mal,
Malc,
Mal-calm,
Mal-cohm,
Mal-colm,
Mal-co-lum,
Mal-com,
Mal-kolm,
Mal-kol-um,
Mal-kom,
Mal-lone,
Ma-lon,
Ma-lone,
Ma-lo-ne-a,
Ma-lo-nee,
Ma-lo-ney,
Ma-lo-ni,
Ma-lo-nie,
Ma-lo-ny,
Man-ning,
Mar-lin,
Mar-lon,
Mar-ma-duke,
Mar-me-duke,
Mc,
Me-al-lan,
Mel-lan,
Mel-len,
Mel-lin,
Mel-lon,
Mel-lun,
Mel-lyn,
Me-rel,
Me-rell,
Me-ri-el,
Me-ril,
Me-rill,
Mer-lan,
Mer-lann,
Merle,
Mer-len,
Mer-lenn,
Mer-lijn,
Mer-lin,
Mer-linn,
Mer-li-no,
Mer-lín,
Mer-lon,
Mer-lonn,
Mer-lun,
Mer-lunn,
Mer-lyn,
Mer-lynn,
Mer-rel,
Mer-rell,
Mer-ri,
Mer-ril,
Mer-rill,
Mer-ryl,
Mer-ryll,
Me-ryl,
Me-ryll,
Mi-ac,
Mi-ach,
Mi-ack,
Mi-ak,
Mon,
Mon-ro,
Mon-roe,
Mon-row,
Mon-rowe,
Mo-rag,
Mo-ray,
Mor-ga-en,
Mor-gae-na,
Mor-gae-ne,
Mor-gaine,
Mor-gan,
Mor-gance,
Mor-gane,
Mor-gann,
Mor-ganne,
Mor-gayne,
Mor-gen,
Mor-ghan,
Mor-gin,
Mor-gon,
Mor-gun,
Mor-gunn,
Mor-gwn,
Mor-gyn,
Morr-gan,
Muir,
Muire,
Mui-rea-ch,
Mui-rea-dha-ch,
Mui-rgheas,
Mui-riar-tach,
Mui-rio-ch,
Mun-ro,
Mun-roe,
Mun-row,
Mun-rowe,
Mu-rai,
Mu-ray,
Mur-chad,
Mur-cha-dh,
Mur-da-nie,
Mur-die,
Mur-do,
Mur-doch,
Mur-dy,
Mu-rel,
Mu-rell,
Murf,
Mur-fea,
Mur-fee,
Mur-fey,
Mur-fi,
Mur-fie,
Mur-fy,
Mu-ri-al,
Mu-ri-all,
Mu-ri-el,
Mu-ri-ell,
Murph,
Mur-phee,
Mur-phey,
Mur-phi,
Mur-phie,
Mur-phy,
Mur-rai,
Mur-ran,
Mur-ray,
Mur-rea,
Mur-ree,
Mur-rel,
Mur-rell,
Mur-ren,
Mur-rey,
Mur-ri,
Mur-rie,
Mur-rin,
Mur-ron,
Mur-rough,
Mur-run,
Mur-ry,
Mur-ryn,
Mur-tagh,
Mur-ty,
Mur-yal,
Mur-yall,
Mur-yel,
Mur-yell,
My-ac,
My-ach,
My-ack,
My-ak,
Na-al,
Na-ois,
Na-oi-se,
Na-om-han,
Na-om-han,
Na-oys,
Na-oy-se,
Na-yo-is,
Na-yoys,
Neace,
Neal,
Ne-ale,
Ne-all,
Ne-alle,
Nea-lon,
Nea-ly,
Nease,
Neece,
Ne-el,
Ne-ele,
Ne-ely,
Neese,
Neice,
Neihl,
Neil,
Nei-lan,
Ne-ile,
Ne-ill,
Ne-ille,
Ne-ils,
Neil-son,
Neise,
Nels,
Nel-sen,
Nel-son,
Nev,
Ne-van,
Ne-vin,
Ne-vins,
Neyce,
Neyse,
Ni-al,
Ni-all,
Ni-amh,
Niece,
Nie-gel,
Ni-el,
Ni-ele,
Niels,
Niese,
Ni-gal,
Ni-gale,
Nige,
Ni-gel,
Ni-gele,
Ni-gell,
Ni-gel-la,
Ni-gel-lus,
Ni-giel,
Ni-gil,
Ni-gle,
Ni-guel,
Ni-jel,
Nil,
Ni-le,
Ni-les,
Ni-lo,
Nils,
Nil-son,
Nils-son,
Nil-ya,
Ni-ven,
N-jal,
No-lan,
No-land,
No-lande,
No-lane,
No-len,
No-lin,
Nol-lan,
No-lon,
No-lun,
No-lyn,
Nyce,
Nye,
Ny-gal,
Ny-gel,
Ny-gell,
Ny-i-gel,
Ny-jil,
Nyle,
Nyles,
Nyse,
O,
O-dh-ran,
Oen-gus,
Oi-sín,
O-neal,
O-ra,
O-ran,
O-rane,
O-rann,
O-ren,
O-rin,
Or-ran,
Or-rin,
Or-ron,
O-sheen,
O-ssian,
O-ssin,
O-wain,
O-wen,
Pa-lai-na,
Pa-lan,
Pa-lin,
Phae-lan,
Phel,
Phe-lam,
Phe-lan,
Phe-land,
Phele,
Phe-lim,
Phe-lin,
Phe-lym,
Phe-lyn,
Quin,
Quind-lan,
Quind-len,
Quind-lin,
Quind-lyn,
Quin-i-an,
Quin-lan,
Quin-len,
Quin-ley,
Quin-lin,
Quin-lyn,
Quinn,
Quin-ne,
Quin-nell,
Quinn-lan,
Quinn-lin,
Quin-ny,
Quiyn,
Quyn,
Quyn-lan,
Quynn,
Qwin,
Qwinn,
Qwin-ne,
Rae-gan,
Rae-gon,
Rae-gyn,
Ra-ghal-lach,
Rai-gan,
Rai-gon,
Ra-yan,
Ray-gan,
Ray-gen,
Ray-gin,
Rea-gan,
Rea-gen,
Rea-ghan,
Ree-gan,
Ree-gen,
Re-gan,
Re-gen,
Rei-gan,
Rei-gen,
Rei-ghan,
Rei-gin,
Reign,
Rei-gon,
Rei-lly,
Rey,
Rey-gan,
Rhea-gan,
Rhi-an,
Rhi-en,
Rhy-an,
Rhy-en,
Rhyne,
Rhy-on,
Rhy-un,
Ri-ag-an,
Ri-an,
Ri-en,
Ri-on,
Roan,
Roane,
Roark,
Roarke,
Ro-han,
Roi,
Ron,
Ro-nan,
Ro-nann,
Ro-nen,
Ro-nin,
Ron-nan,
Ro-nyn,
Roon,
Roone,
Roo-nea,
Roo-nee,
Roo-ney,
Roo-ni,
Roo-nie,
Roo-ny,
Ro-rea,
Ro-ree,
Ro-rey,
Ro-ri,
Ro-ric,
Ro-rie,
Ro-rik,
Rork,
Rorke,
Ror-rea,
Ror-ree,
Ror-rey,
Ror-ri,
Ror-ric,
Ror-rie,
Ror-rik,
Ror-ry,
Rory,
Ros,
Ros-lin,
Ros-ling,
Ros-lyn,
Ross,
Ros-sano,
Rosse,
Ros-se-lin,
Ros-sell,
Ros-si,
Ros-sie,
Ros-si-ter,
Ros-slyn,
Ros-ston,
Ros-sy,
Rourk,
Rourke,
Ro-wan,
Rowe,
Ro-wen,
Ro-wie,
Ro-win,
Row-ney,
Ro-won,
Ro-wun,
Ro-wyn,
Roy,
Roye,
Ro-yer,
Roz-lin,
Roz-ling,
Roz-lyn,
Rór-dan,
Ruadh,
Ruad-han,
Ruad-han,
Ru-ai-dh-rí,
Ru-ai-dri,
Ru-ai-drí,
Ru-ai-ridh,
Ru-ai-rí,
Ru-a-rai-dh,
Ru-a-ri,
Ru-ark,
Ru-arke,
Ru-ney,
Ru-rik,
Ruy,
Ru-yan,
Ry,
Ry-an,
Ry-ane,
Ry-ann,
Ry-en,
Ry-i-an,
Ry-i-ann,
Ry-in,
Ry-lan,
Ry-land,
Ryn,
Ryne,
Rynn,
Ry-on,
Ry-uan,
Ry-un,
Ry-yan,
Scot,
Scott,
Scot-tas,
Scot-tea,
Scot-tee,
Scot-tey,
Scot-ti,
Scot-tie,
Scot-to,
Scot-ty,
Sea-gh-dh,
Sea-nan,
Sean-lao-ch,
Se-nan,
Séa-gh-dha,
Shae,
Shai,
Sha-nan,
Sha-nen,
Sha-nin,
Shan-ley,
Shan-nan,
Shan-nen,
Shan-nin,
Shan-non,
Shan-none,
Shan-nyn,
Sha-non,
Sha-nyn,
Shay,
Shaye,
Shay-lon,
Shays,
Shea,
Sheah,
Sheal-ds,
Sheel-ds,
Shiel-ds,
Si-vnea,
Si-vnee,
Si-vneigh,
Si-vney,
Si-vni,
Si-vnie,
Si-vny,
Skot,
Skott,
Sul-la-van,
Sul-le-van,
Sul-ley,
Sul-lie,
Sul-li-van,
Sul-ly,
Sul-ly-van,
Sy-vnea,
Sy-vnee,
Sy-vneigh,
Sy-vney,
Sy-vni,
Sy-vnie,
Sy-vny,
Tad,
Tadd,
Tadg,
Tadgh,
Tadhg,
Tadh-gan,
Tadh-gan,
Tadhgh,
Tad-leigh,
Taid-gh,
Taidh-gin,
Taig,
Ta-me-ron,
Tan-gu-i,
Tan-guy,
Tao-gh,
Ta-ran,
Ta-ren,
Ta-rin,
Tar-lach,
Tar-man,
Tar-men,
Tar-min,
Tar-mon,
Tar-mun,
Tar-myn,
Ta-ron,
Tar-ran,
Ta-run,
Ta-ryn,
Tau-no,
Tay-ron,
Tay-rone,
Tea-gan,
Tea-gue,
Teàr-lach,
Tee-thee,
Tee-they,
Tee-thi,
Tee-thie,
Tee-thy,
Te-gan,
Teige,
Tei-gue,
Tei-rone,
Tei-thee,
Tei-they,
Tei-thi,
Tei-thie,
Tei-thy,
Te-neil,
Te-re-on,
Te-ri-on,
Te-ri-one,
Te-ron,
Te-rone,
Ter-ri-on,
Ter-ri-one,
Ter-ri-yon,
Ter-ron,
Ter-rone,
Ter-ronn,
Ter-ry-on,
Te-vin,
Tha-dy,
Tha-na-sis,
Tha-nos,
Ti-ar-nach,
Ti-ar-nan,
Ti-ar-nan,
Ti-ar-nea,
Ti-ar-nee,
Ti-ar-ney,
Ti-ar-ni,
Ti-ar-nie,
Ti-ar-ny,
Tie-na,
Ti-er,
Ti-ern,
Ti-er-nan,
Ti-er-nea,
Ti-er-nee,
Ti-er-nen,
Ti-er-ney,
Ti-er-ni,
Ti-er-nie,
Ti-er-non,
Ti-er-ny,
Ti-ger-nach,
Ti-ger-nan,
Ti-ghe,
Ti-ghear-nach,
Ti-ghear-nan,
Ti-rohn,
Ti-ron,
Ti-rone,
Ti-rown,
Ti-rus,
To-ir-dheal-bha-ch,
To-rance,
Tor-rance,
Tor-rence,
To-ry,
Trai-nor,
Tra-maen,
Tra-maene,
Tra-main,
Tra-maine,
Tra-mane,
Tra-mayne,
Trea-sach,
Trea-saigh,
Trea-sigh,
Tre-maen,
Tre-maene,
Tre-main,
Tre-maine,
Tre-mane,
Tre-mayne,
Tres-tan,
Tres-tin,
Tres-ton,
Trest-ton,
Tre-vet,
Trevete,
Trevett,
Trevette,
Trey,
Tris,
Tri-san,
Tris-den,
Trist,
Tris-tain,
Tris-tam,
Tris-tan,
Tris-ta-no,
Tris-tan,
Tris-tã-o,
Tris-te,
Tris-ten,
Tris-ti-an,
Tris-tin,
Tris-ton,
Tris-tram,
Tristran,
Tristrand,
Tristyn,
Trys,
Tryst,
Try-stan,
Try-sten,
Try-sti-an,
Try-stin,
Try-stn,
Try-ston,
Try-stram,
Tu-ri,
Tur-ley,
Tur-lough,
Tu-rone,
Ty,
Tye,
Tyer-nan,
Tygh,
Tyghe,
Ty-ra,
Ty-rae,
Ty-rai,
Ty-raine,
Ty-ran,
Ty-rane,
Ty-ray,
Ty-re,
Ty-rea,
Ty-ree,
Ty-rese,
Ty-rey,
Ty-ri,
Ty-rie,
Ty-rin,
Ty-rinn,
Ty-ri-on,
Tyr-nan,
Ty-rohn,
Ty-ron,
Ty-rone,
Ty-ro-ney,
Ty-ronn,
Ty-ron-na,
Ty-ron-ne,
Ty-roon,
Ty-roun,
Ty-ry,
Ty-ryn,
Uae-thn,
Uae-thne,
Uai-thn,
Uai-thne,
Ua-thn,
Ua-thne,
Uay-thn,
Uay-thne,
Ull-tan,
Ull-tann,
Ullt-tan,
Ullt-tann,
Ul-tan,
Ul-tann,
Ul-ten,
Ul-tin,
Ul-ton,
Ult-tan,
Un-gus,
U-ri-an,
U-ri-en,
U-ri-enn,
U-ri-enne,
U-ri-ens,
U-ry-an,
U-ry-en,
U-ry-enn,
U-ry-enne,
Van,
Var-nea,
Var-neah,
Var-nee,
Var-ney,
Var-ni,
Var-nie,
Var-ny,
Ver-cin-ge-to-rix,
Ving,
Wha-len,
Whe-lan,
Yo-ri,
Yor-rick,
Yur-van,
Zay-den,
Zo-dy